row_id,finding_id,raiser,short_desc,correspondence,counterpart_severity,notes,era
PIERCE,PIERCE-A1,A,cast_ray ray x cylinder quadratic falsifies the STOP's no-root-finder-anywhere sentence,unilateral,none,RB's named finds do not touch it; row itself declares it unilateral but claim-class,pre-5.1
PIERCE,PIERCE-A2,A,half-disc silent wrong union volume,unclear,none,"listed as an RA unique find, but the unit text already records the same wrong-union-volume measurement as the PR's own; cannot tell whether RA raised a new defect or re-measured the implementer's",pre-5.1
PIERCE,PIERCE-B1,B,the arc-loop remainder (shared central defect),bilateral,MAJOR,row states CONVERGED on the shared central defect; recorded once for the pair,pre-5.1
TEAPOT,TEAPOT-B1,B,junction tables never ran hosted (k-lint silent-coverage face),bilateral,mentioned (opposite verdict),row: RA mentioned with an opposite verdict via its ci.yml read; conflict resolved to RB. Mention at any severity defeats unilateral,pre-5.1
TEAPOT,TEAPOT-B2,B,#1082 discriminator wrong (annular mouths need a face split),bilateral,MAJOR,row: the demonstrated core dedups into the bilateral #1082 defect,pre-5.1
TEAPOT,TEAPOT-B3,B,tangent non-attribution premise false (a not-tangent dome refuses identically),bilateral,mentioned (opposite verdict),row: mentioned by RA with opposite verdict,pre-5.1
P-1a,P-1a-B1,B,"gate red at the frozen head (d2 row failing, demos/tour not compiling)",bilateral,MAJOR,row: RA found the same gate red,pre-5.1
P-1a,P-1a-B2,B,seam meter changed QUANTITY not bits (cone sec-alpha; edge escalates),bilateral,MAJOR,row: RA reached the same seam finding independently and wider,pre-5.1
P-1a,P-1a-B3,B,iso move unbounded in anchor offset (t0 1e6 -> 7.0e14 ULP),unclear,unclear,plausibly the same seam/iso meter family RA measured (cone 6.7e14); row does not separate them,pre-5.1
P-1a,P-1a-A1,A,D2 tripwire BLIND to the laundering it exists to catch (two mutants survived),unclear,unclear,"RB separately faulted the D2 row (one eps point generalized to a class fact); same row, arguably one underlying weak-test defect, but the two statements are not the same finding",pre-5.1
CENSUS-G2,CENSUS-G2-A1,A,chart_region_parallel levers its margin by the FIRST polygon edge length (verdict depends on naming order),unilateral,none,RB attacked the lemma and reported zero disagreements; no mention of this gate at any severity,pre-5.1
GUI-0,GUI-0-A1,A,pncad::tolerance::witness() door bypasses the gate Tol::witness string-grep,severity_split,MINOR,"row calls every substantive finding bilateral; RB raised the SAME gate hole explicitly at MINOR, so this is a severity split, not agreement at severity",pre-5.1
GUI-1,GUI-1-B1,B,intermediate overflow breaks the conservative-superset contract (committed red witness),severity_split,MINOR/NOTE (inferred),"row says bilateral; RA A-W-F 0/3/5 has zero MAJORs, so RA necessarily carried the same overflow hole below MAJOR",pre-5.1
GUI-1,GUI-1-A1,A,NodePick provenance gap - confident wrong name on sibling extrudes,unclear,unclear,"RA raised it, RB is not recorded either way; RA has 0 MAJORs so it is not a MAJOR finding - recorded only to note the asymmetry",pre-5.1
GUI-3,GUI-3-B1,B,param DragValue commits one edit PER FRAME of a drag,unilateral,none,RA never mentions the drag-commit surface; row agrees unilateral,pre-5.1
GUI-3,GUI-3-A1,A,canceled evaluation runs LAND and blank the tree,severity_split,MINOR,"row calls it bilateral with RB m-1; RB A-W-F 1/4/6 has its single MAJOR elsewhere (the DragValue), so RB carried this below MAJOR",pre-5.1
GUI-3,GUI-3-A2,A,ThreadEvaluator does not coalesce while the doc promises it,severity_split,MINOR,same reasoning: RB m-2 is below RB s only MAJOR,pre-5.1
GUI-2,GUI-2-B1,B,failed-index per-frame rebuild loop,bilateral,unknown,row lists rebuild-loop among the BILATERAL set; RA severity not recoverable,pre-5.1
GUI-2,GUI-2-A1,A,wrong-patch highlight on a legal two-Transform document,severity_split,MINOR/NOTE (inferred),row calls it bilateral; RB A-W-F 1/5/4 spends its only MAJOR on the rebuild loop,pre-5.1
GUI-2,GUI-2-A2,A,compiled seal counterexample (bare key stored and compared),severity_split,MINOR/NOTE (inferred),"RB raised the seal probe itself but judged the door HOLDS; same subject, weaker verdict",pre-5.1
GUI-2,GUI-2-A3,A,two green-surviving transform mutations (#1097 s4 class),severity_split,MINOR/NOTE (inferred),row lists transform-blindness as bilateral; RB carried it below MAJOR,pre-5.1
GUI-2,GUI-2-A4,A,leave-viewport false disagreement,unilateral,none,"row declares UNILATERAL, read-not-run",pre-5.1
GUI-4,GUI-4-A1,A,real-gallery ops inert (M1),unilateral,none,"row declares UNILATERAL, demonstrated by execution, dedup single",pre-5.1
GUI-4,GUI-4-A2,A,identity-mutant survives all 17 rows,severity_split,NOTE,row: bilateral with RB NOTE-2/NOTE-1,pre-5.1
GUI-4,GUI-4-A3,A,inert save-as rebind the PR claimed worked,severity_split,NOTE,row: bilateral with RB NOTE-1/NOTE-2,pre-5.1
LILYWELD1,LILYWELD1-A1,A,module header claims the neck IS the tangent cone the unit s own probe records refused,unilateral,none,"RB made a blanket module-doc-correct claim (the opposite assertion), which is not a mention of the defect; conflict resolved to RA's verbatim quote",pre-5.1
SHELLFIX2A,SHELLFIX2A-A1,A,conditioning meter measures the REQUEST (cube refused singular; threshold loosens 17x with face count),severity_split,MINOR,row: RB corroborated the meter finding at lower severity,pre-5.1
SHELLFIX2A,SHELLFIX2A-A2,A,the 'built silently' BEFORE cell false at base,severity_split,MINOR,row: RB corroborated the BEFORE-cell finding at lower severity,pre-5.1
SHELLFIX2A,SHELLFIX2A-A3,A,third MAJOR not identifiable (six-site stale-class prose vs the valence-4 attacks),unclear,unclear,RA NMAI 3/8/6 implies a third MAJOR; the row names four candidate items and does not say which carried MAJOR,pre-5.1
F7POLE,F7POLE-X1,A,falsification 1 (the predicate admits ordinary coplanar splits),bilateral,MAJOR,row: both arms converge on both falsifications; recorded once,pre-5.1
F7POLE,F7POLE-X2,A,falsification 2 (the second foundation),bilateral,MAJOR,row: both arms converge on both falsifications; recorded once,pre-5.1
F7POLE,F7POLE-A3,A,the (d) exemption unlocked nobody - the merge OUTPUT stage dead-ends regardless,unilateral,none,row declares RA MAJ-3 unilateral and the first tally-eligible unilateral MAJOR,pre-5.1
P-1b,P-1b-X1,A,the not-a-rigid-translation retirement is NOT made,bilateral,MAJOR,"row: BILATERAL, reached by opposite methods (RB by code deduction + ball-at-rest, RA by two red teapot rows)",pre-5.1
P-1b,P-1b-A1,A,no hosted CI run exists for the frozen head; the cited green run is CANCELLED and on a different SHA,unilateral,none,row declares RA unilateral; orchestrator verified independently,pre-5.1
P-1b,P-1b-A2,A,two committed rows RED on the frozen head,unilateral,none,"row: RB never ran tour, so it could not have mentioned them",pre-5.1
P-1b,P-1b-A3,A,the `declared` authority record is METERED NOWHERE,unilateral,none,row: RA found this unilaterally; RB never touches the metering,pre-5.1
M10-1,M10-1-A1,A,deep-tail cancellation: 1 - erf bit-zeros the tail from ~8.5 sigma while real mass remains,unilateral,none,row declares unilateral by execution; RB A-W-F 0/3/3 never touches the tail,pre-5.1
M10-1,M10-1-A2,A,erfc / quantile_z one-CDF coupling class,unclear,none,"RB does not mention it, but the row does not establish it as one of RA s three MAJORs rather than a MINOR",pre-5.1
M10-1,M10-1-A3,A,two tautological accounting rows,unclear,none,same: severity not recoverable; test-gap-shaped,pre-5.1
M10-1,M10-1-A4,A,the carry-forward class,severity_split,MINOR/NOTE,row: bilateral at differing severities (RB has 0 MAJORs),pre-5.1
M10-1,M10-1-A5,A,the unpinned GUI fix,severity_split,MAJOR-side unclear,row: bilateral at differing severities; RB supplied the three pins,pre-5.1
M10-DI,M10-DI-B1,B,three of four certifying policy arms gut-to-green (unguarded),unilateral,none,row declares MAJ-1 unilateral; RA APPROVE 0/3/2 never raises the guarding of the policy arms,pre-5.1
M10-DI,M10-DI-B2,B,the Dual arm s Ok(()) grant plus the unenforced E4 pairing hook (silent deviation),severity_split,MINOR,"row: bilateral with RA s assemble-at-Dual availability inversion at lower severity, dedup single",pre-5.1
M10-DI,M10-DI-B3,B,"DL3 witnesses named wrongly (real refusers are cut_cylinder/loft_prism, 2 of 18)",unilateral,none,row declares unilateral,pre-5.1
M10-DI,M10-DI-B4,B,DL5 selection clause contradicts the projection::mid class named sixty lines up,unilateral,none,"RA raised a different DL5 item (the surplus remedy clause), not this contradiction",pre-5.1
G18A,G18A-B1,B,prior= elides the seam s gates (moved pin and missing document stop refusing under a memo),severity_split,MINOR,row: the SAME headline defect found independently by RA at MINOR with a counter-framing; explicitly no tally candidate,pre-5.1
M10-P,M10-P-X1,A,reduce_periodic sweep receipt omits seven same-spelling sites / same-shape floor-folds in topo,bilateral,MAJOR,"row: the receipt/class MAJORs bilateral in substance (RA by spelling, RB by shape), dedup single; recorded once",pre-5.1
M10-P,M10-P-B2,B,typed Structure vocabulary reaches 1 of the record s 11 decision classes vs the claim,severity_split,MINOR,row: bilateral with RA s fit-case MINOR,pre-5.1
M10-P,M10-P-B1,B,interval-box capability unreachable through any public door with only the Dual half disclosed,unilateral,none,"row declares unilateral, doc/disclosure-class",pre-5.1
CERT2,CERT2-A1,A,"wrong-diagnosis class survives just inside the new admission set (1e-300 silent Ok, ~2e297 m step)",severity_split,MINOR,"row: RA-MAJ <-> RB-MIN-1, one class, bilateral at differing severity",pre-5.1
CERT2,CERT2-B2,B,the R4 sentence s second disjunct unproducible and the only text firing for issue 1218 s input,severity_split,MINOR,"row: RB-MAJ-2 <-> RA-MIN-2, bilateral at differing severity",pre-5.1
CERT2,CERT2-B1,B,"three live D285-spelling predicate siblings in-fence (the sweep swept the fold shape, not the predicate shape)",unilateral,none,"row declares unilateral, accepted by inspection",pre-5.1
P-2,P-2-A1,A,#1157 fix PARTIAL: 1 + s*n.z vs 1 + |n.z|; the demanded f64 bitwise row structurally cannot catch it,severity_split,NOTE,"row: the two arms CONTRADICTED each other - RA MAJOR with the [0,1] measurement, RB graded a weaker case (z=[-1,1]) a NOTE and claimed everything narrower held. RB is wrong but it DID mention the item, so not unilateral",pre-5.1
P-2,P-2-X2,unclear,acceptance 1's first half ASSERTED not measured (mate_surface precondition fails on the unit's own fixture),unclear,unclear,the row names three MAJORs but attributes only (a) to an arm; (b) is not attributed to RA or RB in the blinded material,pre-5.1
P-2,P-2-X3,unclear,item 7's ruling was WRONG - the exact class cannot apply to a partial column,unclear,unclear,same: no arm attribution in the material; it is a finding against the orchestrator ruling,pre-5.1
BLEND1,BLEND1-X1,B,rewritten SeamVertex recourse OVER-promises at concave seam-split rims (tag fires on pure incidence before any convexity gate),bilateral,MAJOR,"row: both arms, both by execution, both MAJOR; dedup single; recorded once",pre-5.1
CERT1,CERT1-B1,B,props_meridian_pole ESCALATES on a split vertex 1e-6/1e-7 rad off the pole through the import door,unilateral,none,"row: RA mentioned neither RB MAJOR at any severity; RA's near-polar probe sat at 0.0208 rad, outside the band RB probed",pre-5.1
CERT1,CERT1-B2,B,membership test wrong past |dt| = 2*pi (3*pi span ACCEPTED at -50%),unilateral,none,row: RA mentioned neither at any severity,pre-5.1
M10-3,M10-3-X1,A,total()/unresolved() compose UNCONDITIONAL mass columns as conditional; E10 under-reports unresolved mass by the whole tail,bilateral,MAJOR,"row: RB found the SAME accounting MAJ independently from its own fixture, identically diagnosed, dedup single; recorded once",pre-5.1
M10-3,M10-3-B2,B,flip naming is a SECOND verdict-diff engine by positional zip; the existing generic vdiff was rejected as unsound,unilateral,none,row declares RB s vdiff MAJ unilateral; RA never touches it,pre-5.1
M10-2,M10-2-X1,B,a measure of transform-placed geometry silently reads the UNMOVED carrier (0.5 where the geometry sits at 0.75),bilateral,MAJOR,"row: RA M3 == RB MAJ, bilateral, dedup single; recorded once",pre-5.1
M10-2,M10-2-A1,A,eval_measure restates expr::eval arithmetic without its non-finite door: 13/s at s=0 measures inf and the assertion reports Holds,unilateral,none,row declares M1 unilateral by execution; RB never raises the non-finite door,pre-5.1
M10-2,M10-2-A2,A,plane-gap sign read as an arbitrary chart normal (6 of 12 forward readings report interference on disjoint slabs),severity_split,MINOR,"row: bilateral with RB MIN-7 at split severity, adjudicated MAJOR",pre-5.1
GA-1,GA-1-X1,B,spec-item-3 witness executed: definite Exits contradicted at its own arm on a hole wall (sagitta 0.125 vs first-order 0.0498),bilateral,MAJOR,"row: RA found the same charge-absence independently, dedup single; recorded once",pre-5.1
GA-1,GA-1-B2,B,second RB MAJOR not described,unclear,unclear,RB MERGEABLE-AFTER-FIXES 2/4/4 implies two MAJORs but the row describes only the bilateral witness finding,pre-5.1
BLEND7,BLEND7-A1,A,"the endorsed bound names the FIRST leg classified, not the tightest (five endorsed radii re-refuse with the identical variant)",severity_split,MINOR,row: RB MINOR-1 carried both mechanisms; bilateral in substance at differing severity,pre-5.1
BLEND7,BLEND7-A2,A,the class bound is not the EXISTENCE bound the ratified doc requires (8mm endorsed where 2-4mm is the window),severity_split,MINOR,row: RB MINOR-1 carried both mechanisms,pre-5.1
BLEND5,BLEND5-B1,B,reason 3 and two permanent doc comments assert unconditional role stability the tree refutes,severity_split,MINOR/NOTE,"row: headline BILATERAL at split severity, adjudicated MAJOR; RA A-W-F 0/4/1 carries no MAJOR",pre-5.1
BLEND3,BLEND3-B1,B,"deviation 1 SeamVertex precedent INVERTED (design ratified 08-25, implementation landed 08-26) and ThreeConcaveEdges not forced",unilateral,none,row declares UNILATERAL BY JUDGMENT: RA examined the same deviation and judged it sound without raising anything; judging a thing sound is not a mention of the defect,pre-5.1
QA-1,QA-1-B1,B,"gate-roster.sh prints the matcher-death diagnosis then exits 0 - the only gate never calling gate_ok, so the marker dies unread",unilateral,none,"row: RA's A/B read the diagnosis TEXT, not the gate's exit status, so RA never raised the exit-status defect",pre-5.1
QA-1,QA-1-A1,A,the too-expensive deterministic regression arm built in 400 files / 3.0 s against the PR s ~10x-high costing,severity_split,MAJOR/MINOR unclear,"row: bilateral in substance with RB s 350-file / 2.5 s construction, severity differed; neither severity is recorded so MAJOR status is not established",pre-5.1
QA-1,QA-1-A2,A,roster-prose self-test overclaim proven by mutation (3 of 4 regressions green),bilateral,unclear,row lists prose-overclaim as bilateral,pre-5.1
QA-3,QA-3-A1,A,"the mapping s written derivation false at its named case (four rows compile tess-meter, prose wrong at seven sites)",unilateral,none,row declares both RA MAJORs unique and unilateral,pre-5.1
QA-3,QA-3-A2,A,the unit s new debt-resolution pointer vouches for a still-false ci.yml step comment,unilateral,none,row declares unilateral,pre-5.1
QA-6,QA-6-A1,A,a landed written reason calls the LIVE nightly opt-level register a dated write-up (the charter s own check-for-a-register clause skipped),unilateral,none,row declares RA unique + unilateral MAJOR,pre-5.1
QA-9,QA-9-X1,A,"the new can-take-it clause prints only AFTER the request failed flock, so it is false exactly when it persists",bilateral,MAJOR,"row: BILATERAL MAJOR, independently reproduced by both arms with the same leak-seat construction; recorded once",pre-5.1
CERT4,CERT4-B1,B,"structural-zero bitwise on [0, pi) false at nextbelow(pi) via half-to-even; both unit pins sample around it",severity_split,MINOR,"row: RA found the same headline independently at MINOR, explicitly no tally candidate",pre-5.1
QA-6B,QA-6B-B1,B,"leg-B headline finding FALSE (SPLIT_SCAN_DECADES doc block IS matched at base, seven of eight) with the disposition tally overclaimed",severity_split,MINOR,RA raised the SPLIT_SCAN_DECADES disposition overstatement; row calls it bilateral-in-substance at split severity,pre-5.1
QA-6B,QA-6B-B2,B,"leg A1 INCOMPLETE, residue undisclosed (five sampled unedited blocks, two live unbucketed claims)",unilateral,none,RA raises nothing on leg A1,pre-5.1
QA-6B,QA-6B-B3,B,the k-lint 8-10 minutes claim STALE while the new prose asserts its currency (101 s on the PR s own run),unilateral,none,RA does not raise it; note the row records this as partly the DISPATCH s own premise error,pre-5.1
QA-6B,QA-6B-B4,B,critical-path note missing the LIVE nightly opt-level register,unilateral,none,third instance of the same class in the unit; RA silent,pre-5.1
QA-6B,QA-6B-B5,B,reconciliation-note second copies,unilateral,none,RA silent,pre-5.1
AZ-1,AZ-1-B1,B,"the PR s f64 bit-identical-everywhere claim FALSIFIED at the parameter level (surgery 101/261, replace_face 4/9 differ 1-2 ulp)",unilateral,none,row declares both principal MAJs unilateral; RA s MAJs are elsewhere,pre-5.1
AZ-1,AZ-1-A1,A,the agreement grids stop at |delta|<=3.1; at exactly pi the retired form and param_near disagree by 2*pi in 5 of 10 boundary cases,unilateral,none,"row declares it RA s unique MAJ, unilateral",pre-5.1
AZ-1,AZ-1-A2,A,k-lint green-name-over-skipped-steps,severity_split,MINOR,row: bilateral-downgraded via RB s MIN-3,pre-5.1
CERT5,CERT5-X1,A,"dm1 residual is not the PR s number (both lanes 2.079742683172597e-6, identical to 17 digits)",bilateral,MAJOR,row: all three MAJORs bilateral by execution; recorded once,pre-5.1
CERT5,CERT5-X2,A,the cert5 rows stay green under a drop-knots mutant (pads area-dominated),bilateral,MAJOR,row: all three MAJORs bilateral by execution,pre-5.1
CERT5,CERT5-X3,A,the sliver hazard (absurd-width refusals / DegenerateFace on an area-3.14 patch),bilateral,MAJOR,row: all three MAJORs bilateral by execution,pre-5.1
SS-1,SS-1-X1,B,sphere_sphere_section internal-tangency point WRONG whenever operand A is the smaller sphere,bilateral,MAJOR,"row: MAJ BILATERAL 1, both arms with independent evidence; recorded once",pre-5.1
SS-1,SS-1-X2,B,the latitude lever UNPINNED - mutated to the axial form the entire suite stays green,bilateral,MAJOR,row: MAJ BILATERAL 2; recorded once,pre-5.1
SS-1,SS-1-A3,A,the bool_sphere_trim* predicate family appears in ZERO test files; no ringed/non-iso/full-period None rows,unilateral,none,"row declares RA MAJ-3 unilateral, class test-gap, grep-proven",pre-5.1
CERT6,CERT6-B1,B,"the 16-chord perimeter bound ALIASES (Nyquist collapse at k = 0 mod 8), measured 32.5x understatement against a 52x margin",unilateral,none,row: RA APPROVE 0/1/4 raises nothing in this family; verdict divergence on a unilateral executed MAJOR,pre-5.1
CERT8,CERT8-A1,A,the mean-width CONTRACT at ChartOverlap::PositiveArea false under non-constant stretch (model width 97x below the reading),severity_split,NOTE/MINOR,row: RB held the same fact at NOTE/MIN,post-5.1
CERT8,CERT8-A2,A,the swap pin non-binding,bilateral,MAJOR,row: bilateral with RB s structural argument,post-5.1
CERT10,CERT10-A1,A,"the PR body s ""the fold removed an assembly per shipped face"" FALSE on the shipped path (2.00 assemblies/face before and after)",unilateral,none,"RB inspected the SAME claim and judged the give-back real - it engaged the subject but never raised the defect, so unilateral holds under the instrument s letter",post-5.1
CERTM1,CERTM1-A1,A,powi s derived ceiling uses a normal-range relative bound while WINDOWS[1] is entirely subnormal and ceiling-carrying,severity_split,MINOR,row: RB reached the SAME substance by a probe at 2^-1024 and rated it MIN,post-5.1
CERTM2,CERTM2-A1,A,"check 7 s closed-form arm computes at a dual: the split retired a NegativeVolume VERDICT, so the at-rest doors disagree at a dual",unilateral,none,row declares RA s MAJOR unilateral and executed; RB s three MAJORs are elsewhere,post-5.1
CERTM2,CERTM2-B1,B,"H5 s landed numbers wrong on three axes (ten Dual rows, not eight)",severity_split,MINOR,row lists H5 s count among the bilateral-at-differing-severity set; RA carried it as a MINOR,post-5.1
CERTM2,CERTM2-B2,B,"the checks-8/9 gating UNTESTED, with checks 8/9 s own comments contradicting the body s premise",severity_split,MINOR,row lists the 8/9 gating among the bilateral-at-differing-severity set,post-5.1
CERTM2,CERTM2-B3,B,the structural half bounded PropsQuadLane where H-R16 spells Decide (public lane-trait doors 2 -> 4),unilateral,none,not in the row s bilateral list; RA never raises the lane-trait bound,post-5.1
CERTN2,CERTN2-X1,A,props.rs:1349 missing from the roster,bilateral,MAJOR,"both arms name the same site as a MAJOR; the row also lists the roster under bilateral-at-differing-severity, so the two labels in the row conflict - either way not unilateral",post-5.1
CERTN2,CERTN2-A2,A,class 9 FALSE - tier-3 check 1 goes SILENT on the masquerade (executed),severity_split,MINOR/NOTE,row lists class 9 among the bilateral-at-differing-severity set,post-5.1
CERTN2,CERTN2-A3,A,the in-fence single-channel sweep undischarged (surfaces.rs:1451 and ~12 geom/tests sites),unilateral,none,row names the sweep as one of RA s unilateral tally candidates,post-5.1
CERTN2,CERTN2-A4,A,four live SMELL-SCAN citations of the renamed module unpaid,severity_split,MINOR/NOTE,row lists the citation bill among the bilateral set,post-5.1
CERTN2,CERTN2-A5,A,"""a transposition cannot compile"" FALSE (compiled both ways)",unilateral,none,row names the transposition claim as one of RA s unilateral tally candidates,post-5.1
CERTN2,CERTN2-A6,A,S350 UNDERSTATED - the partial box CLEARS an interference pair,severity_split,MINOR/NOTE,row lists S350 s mechanism among the bilateral set,post-5.1
CERTN2,CERTN2-B1,B,a SECOND S350-class member in fence: nurbs_surface_aabb yields a one-axis-poisoned box and Aabb::overlaps PRUNES on the finite axes,unilateral,none,row names the AABB prune as one of RB s unilateral tally candidates,post-5.1
CERTN2,CERTN2-B2,B,S101 s class swept from the WRONG commit (7aa0672a8 vs 0a9f16c73),unilateral,none,row names the S101 commit as one of RB s unilateral tally candidates,post-5.1
CERTM3,CERTM3-X1,B,"the check-2 skip is WHOLE-EDGE and three doors skip, not two; two production consumers reach a body only through a skipping door",bilateral,MAJOR,"row: BILATERAL MAJOR, both executed; recorded once",post-5.1
CERTM3,CERTM3-X2,B,"euler.rs compile_fail,E0277 row actually emits E0599",bilateral,MAJOR,"row: BILATERAL MAJOR, both executed; recorded once",post-5.1
CERTM3,CERTM3-B3,B,the census absence row is a HALF-FIX (ChartRegionLane has two methods; declared_overlap None still collapsed),unilateral,none,row declares it an RB unilateral MAJOR; RA never raises the second method,post-5.1
CERTM3,CERTM3-B4,B,"the contract question posed to Ev rests on a FALSE premise (three consumers, not one)",unilateral,none,row: RA read the opposite; orchestrator-verified for RB,post-5.1
BOOL1,BOOL1-B1,B,"band-independence FALSIFIED by a dy-displacement ladder: within-band flush pairs reach the arm, new refusal at eps=1e-6 where main returned Ok",unilateral,none,row declares MAJOR-1 unilateral and executed; RA APPROVE with no MAJOR and nothing in this family,pre-5.1
BOOL1,BOOL1-B2,B,"""refusals: none changed, vacuously satisfied"" wrong - Escalated{ChartResidual} newly reachable out of split",unilateral,none,same root as MAJOR-1 per the row,pre-5.1
GAUTH2,GAUTH2-B1,B,frame::disagreement fed the hovered ENTITY name: phantom disagreement within 6 px of any edge,unilateral,none,row declares MAJ-1 unilateral and demonstrated; RA A-W-F 0/3/5 has no MAJOR and filed only the unpickable-face note,pre-5.1
GAUTH2,GAUTH2-B2,B,"whole faces unreachable for the mate tool (full-pane rasters, 0-px aim points)",severity_split,NOTE,"row: partially bilateral, RA held the same fact at NOTE severity",pre-5.1
MESH1,MESH1-B1,B,the sweep missed >=7 instances including 3 matching its own pattern,unilateral,none,RA APPROVE 0/2/1 raises nothing on sweep completeness,pre-5.1
MESH1,MESH1-B2,B,the blind-spot list omitted the scalar-determinant spelling (4 more hits),unilateral,none,RA silent,pre-5.1
MESH1,MESH1-B3,B,docs/GUIDE.md executed snippet left divergent from its repaired twin,unilateral,none,RA silent; the row calls it the one silent deviation,pre-5.1
MESH1,MESH1-B4,B,the no-e2e claim falsified: r=1e-6 ball at 1e3 gives check_mesh Ok with 2.3e-34 vs 3.9e-18,unilateral,none,RA silent; row records it EXECUTED with a built fixture,pre-5.1
SEAT1,SEAT1-X1,A,six interval-cfg orphans turn the lint-interval row red,bilateral,MAJOR,"row: the single MAJOR was BILATERAL, both arms executing the same red independently; recorded once",pre-5.1
MATE1,MATE1-X1,B,the headline F-conjugation UNEXERCISED (F=I in every committed row; a reversed-conjugation mutant survives all 839 rows),bilateral,MAJOR,"row: RA found the same under-toothed-conjugation MAJ independently, dedup single; recorded once",pre-5.1
MATE1,MATE1-B2,B,the eval<->solve stepped-rule mirror unguarded (10% one-sided eval drift greens all 8 rows),severity_split,style,row: the mirror-drift MAJ was mentioned by RA at style severity,pre-5.1
GAUTH5,GAUTH5-B1,B,the cross-target refusal notice is erased in the same frame by the batch-status policy (exists for zero frames),unclear,NOTE (adjacent),"row calls it NEAR-unilateral: RA s NOTE-9 touched the keep-last composition but not the erasure mechanism. Whether that is a mention of the same issue is exactly the judgement call, so coded unclear rather than counted",pre-5.1
GAUTH5,GAUTH5-A1,A,load_all_edges spans bodies on Split/Pattern (24 held vs 12 drawn),severity_split,MINOR,row: RB held the same substance at MINOR-2,pre-5.1
GAUTH5,GAUTH5-A2,A,a tool-authored strand: operand move strands 6 of 30 under a surviving target,severity_split,NOTE,row: RB held the same substance at NOTE-5,pre-5.1
MATE2,MATE2-A1,A,open VERBS PR #1353 implements the IDENTICAL three-valued split on the same function with a conflicting undeclared-arm posture,severity_split,NOTE,row: RB found the SAME collision independently at NOTE severity,pre-5.1
MATE6,MATE6-A1,A,mint-totality UNGUARDED: both continue->break reverted leaves 867/867 green because every committed row placed its bad mate last,unilateral,none,row declares MAJ unilateral and executed; RB s described findings are elsewhere,pre-5.1
MATE6,MATE6-B1,B,undescribed finding implied by RB s triple,unclear,unclear,the row gives RB M-A-F 1/0/2 yet describes only a MIN-labelled deviation-4 finding that is bilateral with RA s; the row is internally inconsistent so no MAJOR can be identified,pre-5.1
MESH2,MESH2-B1,B,"the siting defense s mitigate_underflow premise FALSE - it snaps only sub-floor values, so no small-but-real neighbour was ever at risk",unilateral,none,row declares both RB MAJORs unilateral and executed; RA APPROVE 0/2/0,pre-5.1
MESH2,MESH2-B2,B,the class is only PARTLY closed - ringed/concentric charts refuse SYSTEMATICALLY on the same nu-squared law,unilateral,none,row declares it unilateral and executed; RA concluded the argument held in-band and never raised the residue,pre-5.1
BOOL2,BOOL2-A1,A,the clamp floor s five-orders claim wrong by four orders (binding shell scales as sqrt(eps); 5.6e-6/1.78e-4/5.6e-3 across three eps decades),severity_split,MINOR,"row: bilateral-in-substance, both executed, label noise on the severity",post-5.1
GA-2,GA-2-A1,A,the certified-scalar both-arms pin DOES NOT EXIST (bool_germ_frame_axes_coplanar never evaluated at Interval anywhere),severity_split,MINOR,row: RB reached the same finding at MINOR; severity adjudicated toward RA,post-5.1
MATE5,MATE5-X1,B,the carrier gates do not discharge the transfer premise; red probes certify PositiveArea on trims 18-36 k*eps apart,bilateral,MAJOR,row: RA found the SAME premise MAJ independently with its own executions; recorded once,post-5.1
MATE5,MATE5-B2,B,the asked interval lane exercises neither the certifying rows nor the f64-only fast path; PeriodFold constructed by no test at any scalar,unilateral,none,"RA never raises the interval-lane coverage; the row omits this MAJOR from its correspondence sentence, which speaks only of the central MAJ",post-5.1
MESH3,MESH3-A1,A,the halfcap at-every-eps / never-reaches-pole_v claims false at 1e-6,severity_split,MINOR,"row: BILATERAL with RB s MINOR-3 at split severity, label noise",post-5.1
MESH3,MESH3-A2,A,"an in-tree body DOES sit inside the pole band (halfcap vertex 1.000e-9 m vs eps 1e-6), falsifying the fixture premise",unilateral,none,row declares MAJOR-2 unilateral and executed,post-5.1
MATE8,MATE8-A1,A,"deviation 4 FALSE AND UNDERCOUNTING (base reds 2 rows, head 5 at 1e-3; three newly band-specific, one uncounted)",severity_split,MINOR,row: RB reached the same deviation-4 finding at MIN; adjudicated MAJOR on record-correctness,post-5.1
MATE7A,MATE7A-B1,B,classify_shared_rim dropped the tier-3 arm s all_smooth tangency precondition: a definite 53 degree transverse rim answers Ok(Seam),unilateral,none,row declares the MAJ unilateral and executed; RA MERGEABLE 0/2/2 with no MAJOR,post-5.1
BOOL3,BOOL3-A1,A,"two sqrt(eps) prose sites INSIDE the cube-law suite, one the Q6 guard row s own numbered obligation",unilateral,none,row declares MAJOR-1 unilateral; RB raises nothing in this family,post-5.1
BOOL3,BOOL3-A2,A,the cbrt containment claim (truncation bias no interval encloses; 1.46e-15 rel at the length^6 extreme),severity_split,MINOR,"row: BILATERAL with RB s MINOR at split severity, label noise",post-5.1
MATE4A,MATE4A-A1,A,the interior_witness rescue rung RUNS and declines with all 14 fixed D9 candidates missing a ~7.5e-3 overlap while the flush seat certifies through the same rung,severity_split,MINOR/NOTE,row: the central finding is BILATERAL with a severity split (RB M-A-F 0/2/2 carries no MAJOR); no tally candidate,post-5.1
MESH5,MESH5-A1,A,"the removed ResolutionOverflow IS reachable through the public revolve door (two extreme-aspect frustum wedges refused at base, certified at head)",severity_split,NOTE,row: bilateral-in-substance with RB s NOTE; RB judged the same needle-cone edge a NOTE,post-5.1
SEAT2,SEAT2-A1,A,the retired premise survives in a SHIPPED caption and the register intro,severity_split,MINOR,"row: RA s two MAJORs were BOTH mentioned by RB at MINOR severity, so neither is unilateral",post-5.1
SEAT2,SEAT2-A2,A,the hand-off list wrong in both directions,severity_split,MINOR,row: same,post-5.1
MATE9,MATE9-B1,B,the rung confines the POINT but not the EDGES: a spike s vertical edges diving through the seat plane get both hard findings backed while inside the post s material,unilateral,none,"row declares it unilateral and executed; RA s soundness attack concluded HELD on different fixtures, i.e. it engaged the surface but never raised the defect",post-5.1
MATE9,MATE9-A2,A,pair_region_verified -> if true leaves 445/445 topo plus the viewer story GREEN: the whole verified-interface conjunct is unguarded,unilateral,none,row: RB did not run the mutation and raises nothing here,post-5.1
MATE9,MATE9-A1,A,the dropped classify_material_pairing Smooth precondition,severity_split,MINOR,"row: BILATERAL-in-substance with RB s MIN at split severity, adjudicated MAJOR",post-5.1
SEAT3,SEAT3-A1,A,the module s soul claim names flush_pair_relation as the shared door three times while verify-at-use runs carrier_pair_relation,unilateral,none,row agrees: unilateral IN FORM,post-5.1
BOOL11,BOOL11-B1,B,the NOT_IN_DOCUMENT roster s falsifiability row does not falsify (inserting a document-spellable LineTo left five rows green),severity_split,MINOR,"row: RA found the SAME roster defect, reasoned plus the working direction executed; RA carries no MAJOR",post-5.1
MESH6,MESH6-A1,A,"the check_mesh price sentence ""+10-63%"" contradicted by the PR s own table (rows under +10%, one negative; the REJECTED candidate cheaper on three rows)",unilateral,none,row declares MAJOR-1 unilateral and executed via the committed instrument,post-5.1
MESH6,MESH6-A2,A,"seams live on the torus arm too, where the floor IS protective",severity_split,MINOR,"row: BILATERAL with RB MINOR-5 at split severity, label noise",post-5.1
TX-1,TX-1-X1,A,the receipt is blind to this change class (a 1e-9 mutation at the roots site left all ten byte-dumps identical),bilateral,MAJOR,"row: the same receipt finding in both arms, dedup single, RB supplied the missing evidence; recorded once",post-5.1
TX-1,TX-1-B2,B,"the planted red exercises NONE of the unit s code - it stops at wall_clearance, asserts only !Corrupt, and stays green under the arm-breaking mutation",unilateral,none,row: RA did not raise it and CREDITED the row - a calibration miss recorded by the orchestrator,post-5.1
TX-1,TX-1-B3,B,the capability record s EVERY-curved-wall claim falsified by sf2b s cylinder-wall wedge,severity_split,MINOR,"row: bilateral severity-split, no candidate",post-5.1
BOOL12,BOOL12-B1,B,the joint-0 flag followed the DECLARATION not the carriers (straight arrival onto an arc first side; cocircular declared tangent arrival),severity_split,MINOR,"row: BILATERAL with RA s design-surface MINOR, label noise",post-5.1
BOOL9,BOOL9-A1,A,"sweep s test-support feature no longer stands alone: cargo check -p verbs --all-targets RED in isolation, CI green only via editor-core s dev-dep unification",unilateral,none,row declares MAJOR-1 unilateral and executed; RB mergeable-after-MINORs with no MAJOR and nothing on the feature closure,post-5.1
SEATDV,SEATDV-B1,B,components >~1e154 overflow norm_squared to infinity; the infinite margin reads MAXIMALLY DEFINITE and datum_distance_sign returns a definite WRONG Sign,unilateral,none,"row declares the overflow-class MAJOR pair unilateral and executed, deduped to ONE defect; RA probed the visibility surface and the numeric range not at all",post-5.1
SEATFW,SEATFW-A1,A,"SELECT-DESIGN 3(b) states convergence ""not by calling the identical entry point"" where the head IS identity, in the section the unit amended",severity_split,MINOR,row: RA s two MAJORs are doc-only and converge with RB s MINORs,post-5.1
SEATFW,SEATFW-A2,A,the flush-plane scope class only half-swept on the public doors (a line break the single-line regex could not cross),severity_split,MINOR,row: same,post-5.1
SEATDN,SEATDN-B1,B,"the only-one-decide/normalize/refuse claim false: geom-core definitely_positive lets mirror_across_plane with normal (1e200,0,0) return Ok(identity)",severity_split,MINOR,row: RB s MAJOR and RA s MINOR are the SAME CLASS at different instances (RA executed sweep s AxisFrame::build) - severity labels divergent,post-5.1
SEATDN,SEATDN-B2,B,the site-name guard is asymmetric: a kernel mutant hardcoding DATUM_UNIT_NORM leaves the whole editor-core suite GREEN at default features,unilateral,none,listed as RB unilateral and executed; MAJOR status inferred from RB s 2/4/4 triple since the row describes only one MAJOR,post-5.1
SEAT9,SEAT9-A1,A,the frozen head stopped the witness at topo::props::fit_precision and left geom-brep s doors numeric while claiming Ev-gated nothing-triggered,severity_split,MINOR/NOTE,"row: RB engaged the same fact and called it a choice not a measurement that would not gate; divergent only on gating, doc/process class",post-5.1
SEAT9,SEAT9-A2,A,"the guard s signature scan reads only the text before the FIRST colon, so a one-line non-first `tolerance: f64` passes",severity_split,MINOR,"row: RA MAJOR-2 and RB MINOR-2 are the SAME CLASS at different instances, both executed",post-5.1
MESH7,MESH7-A1,A,the PR s central claim that the door ESTABLISHES the walk s premise per edge is FALSE: a pole-crossing great-circle arc passes on every face and with debug assertions off yields an Ok NON-watertight mesh,unilateral,none,row declares MAJOR-1 unilateral and executed; RB MERGEABLE 0/4/7 raises nothing in this family,post-5.1
MESH10,MESH10-A1,A,three public calls make fold_chain sum to a span > tau and every torus consumer answers SILENTLY 2x the volume where the base refused,severity_split,MINOR,"row: RB s MIN-2 is THE SAME SUBSTANCE at split severity, both executed",post-5.1
MESH12,MESH12-A1,A,"the parse re-decided only the UPPER half of certification s 0 < dt <= tau, so a hand-built REVERSED span (t0 = 3*pi, t1 = 0) was admitted and folded at half the area",severity_split,MINOR,"Dual B (the sample that counts): RA MAJOR == RB MINOR-1, same site, both executed. Dual A carried no MAJOR either arm",post-5.1
C5-1,C5-1-B1,B,"pt_ring_guard decided R-r only against its documented R>r>0: r=-0.3 mints MeridianCircles{radius:-0.3}, r=0 a zero-radius circle, R<0 transposes centres",severity_split,MINOR,"row: RB MAJ-1 = RA MIN-4, adjudicated to RB",post-5.1
C5-1,C5-1-B2,B,"four in-repo sentences still assert the table declines the pair post-flip, one in the opening-measurement row s own doc",unilateral,none,row declares it unilateral but doc-class,post-5.1
M10-4,M10-4-X1,B,"the chamber verdict is never bound to the build: ForeignVerdict compares axis NAMES, sensitivities checks no box; document A s verdict prices document B",bilateral,MAJOR,"row: RA found the SAME MAJ independently with its own red probe, dedup single; recorded once",post-5.1
M10-4,M10-4-A2,A,a LOFT section s dimension seeds to a silent finite ZERO where the spec forbids silent zeros,unilateral,none,"RB flagged the loft as the unexecuted arm (T1) but never raised the silent-zero defect; that is a coverage remark, not a mention of this finding",post-5.1
M10-5,M10-5-X1,A,"the fold reports Holds over ZERO certified leaves, and refused leaves stay priced as CERTIFIED mass",bilateral,MAJOR,"row: RB found the SAME zero-leaf fold MAJ independently with red probes, dedup single; recorded once",post-5.1
M10-5,M10-5-X2,A,the BVH prunes on a raw separation_lo > c while the funnel classifies through the band (two blocks eps/2 apart pruned to Holds with an empty receipt),bilateral,MAJOR,"row: RB found the SAME band-prune MAJ independently, dedup single; recorded once",post-5.1
M10-5,M10-5-A3,A,"every Violated row is a budget exhaustion at exactly 65,536 cells because the sweep never stops at the first definite violation; whether Violated is reached depends on DFS order",unilateral,none,row declares it unilateral by execution; RB raises nothing on the narrative or the DFS dependence,post-5.1
M10-5,M10-5-B3,B,the strict violation arm has no reachable path: two unit blocks OVERLAPPING by 1.5 m return Refused(Budget) at every budget,unilateral,none,row declares it unilateral by execution; RA raises nothing on the strict arm s reachability,post-5.1
M10-6,M10-6-A1,A,min_separation encloses over carrier WINDOWS while MinSeparation s docs sell containment over trimmed faces: AtLeast 0.2 certifies a FALSE Violated and AtMost 0.15 a FALSE Holds,unclear,disputed,"row calls it unilateral, but the same row records that RB MET THE FIRST S SHAPE and scoped it to M10-5 s filed item - engaging and dispositioning a finding reads as a mention, so (a) is not established",post-5.1
M10-6,M10-6-A2,A,the tour s stop-2 headline decided on a raw worst_case.lo < bound at -4.2e-11 while the document s own Assertion over the identical enclosure read Holds,unilateral,none,row: RB did not exercise the narration,post-5.1
M10-6,M10-6-B1,B,"VerdictVector::certifying drops Assertion rows from the certification comparison, moving witness_vector, serialize() and every leaf key",severity_split,MINOR,row: RA had it as a MINOR,post-5.1
M10-6,M10-6-B2,B,"the row-3 demotion is per-invocation, so E6 s rule-1 re-open trigger would print among 15,768 rule-2/3 flags and stay green",severity_split,MINOR,row: RB s two MAJORs are bilateral at split severity with RA s MINORs 3 and 10,post-5.1
M10-7,M10-7-X1,A,Sym::opaque(1.0) - Sym::opaque(2.0) decides a symbolic Zero (every opaque value carries the reserved id 0),bilateral,MAJOR,"row: RB found the SAME opaque-id false theorem independently, dedup single; recorded once",post-5.1
M10-7,M10-7-A2,A,"claim 6 s mechanism misattributed: the slab s certifying half-width is eps-DEPENDENT (0.488 at 1e-9, 0.439 at 1e-6) and the re-cut row could not see it",unilateral,none,"row names it RA s ceiling-mechanism MAJ, one of the pair s two unilateral execution findings",post-5.1
M10-7,M10-7-B2,B,"the driver K row s gate DISARMED: k-lint rejected the driver CSV at its first sample row, ZERO samples linted, and the step stayed green because ci.yml read PIPESTATUS after $? had reset it",unilateral,none,"row names it RB s disarmed-gate MAJ, the other half of the symmetric pair",post-5.1
M10-8,M10-8-B1,B,"the freezes are sqrt atoms over CONSTANT forms and a value-free fold relieves them: whole-certifying ceiling 3.74e-8 -> 3.88e-7 (10.4x) at half the cost, an annulus 39x",unilateral,none,"row: RA did not try constant folding, and its own variants were inert on every document - recorded conflict, not contradiction",post-5.1
M10-8,M10-8-A1,A,"the rounded-corner pad e2e refuses first on carrier_line_circle, a constructor-DECLARED tangency - the live consumer the unit said the door lacked",unilateral,none,"row names it a tally candidate, unilateral by execution",post-5.1
M10-8,M10-8-X2,A,the section-1 instrument mis-attributes each replay s first decisions to the previous replay s last predicate,bilateral,MAJOR,row lists the instrument s mis-attribution among the bilateral findings; recorded once,post-5.1
M10-9,M10-9-A1,A,"at Sym<Interval> the witness is ""the enclosures meet"", which any coincidence satisfies (x^2 = x over [0.9,1.1] Recorded, then Zero for the whole box)",severity_split,MINOR,"row: RA s two MAJORs are RB s MINOR-1 and NOTE-6, severity divergence",post-5.1
M10-9,M10-9-A2,A,"the debug-assert that would catch a false axiom is silently exempted for Discharge::Registered, and refusals leave no trace",severity_split,NOTE,row: RA s two MAJORs are RB s MINOR-1 and NOTE-6,post-5.1
M10-9,M10-9-B1,B,the bracket/pad/annulus are NOT bounded by line_span - the PR read the first refusal where evaluation order picks it; line_span is itself an identity of the fillet construction,severity_split,MINOR,"row: the evaluation-order artefact is RA m6, a subset of this MAJOR - so it was mentioned",post-5.1
M10-9,M10-9-B2,B,"an evidence dial passing each identity in turn walks the plate to 2.63e8*eps = 0.263 of the real study, the real flip E12 predicts",unilateral,none,row names the four-identity walk unilateral by execution; RA never reaches it,post-5.1
CS-1,CS-1-A1,A,the refusal-text sweep CREATED a false sentence (join_germ_pair vs pair_section_frame conflated in CurvedBooleanUnsupported s doc),unilateral,none,"row declares MAJ-1 unilateral, doc-class",post-5.1
CS-1,CS-1-A2,A,the spec-mandated factored form invisible to the whole suite (MUT-H 15/15 green) with the rationale false at its own numbers,severity_split,MINOR,row: MAJ-2 bilateral with RB s MIN,post-5.1
CS-1,CS-1-A3,A,"the opening row s sphere-face half pinned VACUOUSLY, face discarded",unilateral,none,"row declares MAJ-3 a unilateral tally candidate, test-gap",post-5.1
K1,K1-A1,A,the exit decides outside the named predicate; its margin never reaches the k-ledger,severity_split,MINOR,row: A1 == RB M4 at divergent severity,post-5.1
K1,K1-A2,A,the integral lane has no row that reds when the exit stops firing; a threshold loosened to -zero leaves every row green,unclear,rubric-only,"row: A2 was found by RB in substance but RB SCORED IT IN THE RUBRIC, NOT AS A FINDING. Whether a rubric score counts as a mention at a severity is unresolved, so coded unclear rather than counted either way",post-5.1
K3,K3-X1,B,no hosted run at the eps where the saving exists (all three runs 1e-12; the acceptance s hosted row unmet),bilateral,MAJOR,row: the hosted-evidence and cost MAJORs are BILATERAL (RA MAJ-2 == RB s two); recorded once,post-5.1
K3,K3-X2,B,at 1e-12 the new suite costs 9.57 / 8.17 cpu-s against 0 saved - the #1 and #2 slowest tests of their shards,bilateral,MAJOR,row: bilateral; recorded once,post-5.1
K3,K3-A1,A,"the suite is VACUOUS at 1e-12: the certifying fixture refuses after round 0, the identity row takes its Err arm, and three mutants LIVE at 1e-12",unilateral,none,row: RB ran its mutants at 1e-9 only and never reached the vacuity,post-5.1
PROPS-1,PROPS-1-B1,B,"the new totality clause false - the numerator scales as |onto|^2*|self|, measured to inf and to a silent zero",severity_split,MINOR,row: both MAJORs converged in substance with RA at MINOR severity,post-5.1
PROPS-1,PROPS-1-B2,B,the wide-onto regression undisclosed and unpinnable by a corpus with no onto width (measured 34x),severity_split,MINOR,row: RA measured 1022x on a zero-straddling component at MINOR,post-5.1
Span,Span-B1,B,deleting the load-bearing admits at the curve doors turned a poisoning public door into a PANIC (a Span from a longer KnotVector walks base+j off the end),unclear,MINOR (disputed),"row labels MAJOR-1 UNILATERAL yet also records that RA probed the same curve half with equal control counts, saw finite wrong answers and filed the free hull doors answering degree-mismatch shapes finitely as a MINOR. Whether that is the same issue is unresolved, so coded unclear",post-5.1
Span,Span-B2,B,the dead private guard last >= control.len(),unilateral,none,RA silent; the row marks it (reading),post-5.1
Span,Span-B3,B,"the surface argument indicts the curve half, which still took (&self, span)",unilateral,none,RA silent; the row marks it (design/reading),post-5.1
Span,Span-X4,B,"quad.rs s (kv, span) door byte-identical to main while the body said it was converted",bilateral,MAJOR,"row: bilateral, RA carried the same MAJOR; recorded once",post-5.1
k-stats,k-stats-A1,A,the escalation channel misses the family of eight shipped sites that mint their own Indeterminate after a definite sign while drive.rs says none is known,severity_split,MINOR,"row: converged with RB s MINOR 3 in substance - severity divergence, not a tally candidate",post-5.1
coeffs,coeffs-A1,A,"the territory section false - quad.rs, shell s offset_meters.rs and mesh s nurbs_cert.rs touched unannounced",severity_split,MINOR,row: converged with RB s MINOR 3 in substance - severity divergence,post-5.1
SHELL-1,SHELL-1-X1,B,holes.1 documented as a source key is a RESULT key on every revolve cap,bilateral,MAJOR,row: RA MAJOR-1 is the same holes.1 key space; recorded once,post-5.1
SHELL-1,SHELL-1-A2,A,a ring_rows source column rotated by one leaves all 41 shell rows green,unilateral,none,row declares MAJOR-2 unilateral; RB pinned the exact correspondence in its own audit but did not raise the shipped rows gap - an audit is not a finding,post-5.1
RC-1,RC-1-B1,B,TogetherEdgeDisagreement s PUBLIC doc and Display assert a cause its three raising sites do not share,unilateral,none,row declares MAJ-1 unilateral; RA 0 MAJ and silent here,post-5.1
SHELL-5,SHELL-5-A1,A,the footprint gate is blind to concave-edge growth (notched single-shell twin on the merge base),severity_split,MINOR,"row: RB carried the same gate defect at MINOR, convergent",post-5.1
SHELL-6,SHELL-6-A1,A,"section 2.1 dropped as unreachable but the per-chart door builds at |d| <= eps/sin(alpha), and the wrong nappe lands the apex 8.2e-9 m off",unilateral,none,"row declares MAJOR-1 unilateral, demonstrated by execution; MAJOR-2 is the same fact, dedup single; RB 0 MAJORs",post-5.1
SHELL-8,SHELL-8-X1,A,"the PR s byte-identity claim false - shell8_dump differs 6 rows head vs base, attributed by mutation to the lift s per-solid scope; the section-3 STOP fired and was reported as not fired",bilateral,MAJOR,"row: the one MAJOR is convergent, both arms by execution; recorded once",post-5.1
SHELL-9,SHELL-9-B1,B,the closing mint LAUNDERS a wrong-content operand row: a vessel with one face s row on another face s half-edge fails tier 3 and shells to Ok,unclear,NOTE (contested),row calls it the pair s tally candidate while also recording that the INSTANCE was PR-disclosed and RA-noted (RA s NOTE on the disclosed half-minted-operand behaviour change). RB widened the class; whether the widening is a separate finding or a severity split on one defect is unresolved,post-5.1
SHELL-10,SHELL-10-A1,A,"the doors new sentence ""the one whole-body read left is the closing tier-2 check"" false by 18",severity_split,MINOR,row: RA s MAJOR is doc-class and its fact convergent (the tier-2 rule in three homes is on the convergent list); RB carries no MAJOR,post-5.1
C5A2,C5A2-A1,A,the extent-levered aperture guard admits a ~101 eps off-surface mint,unilateral,none,row declares MAJ-1 unilateral and code-class; RB s finds are elsewhere,post-5.1
T3A,T3A-A1,A,the pole-touching sphere face is described WRONGLY (executed against a 3-D oracle),unilateral,none,row declares RA MAJOR-1 unilateral and code-class,post-5.1
T3A,T3A-B2,B,assembled s unstated span-vs-period premise (executed at 3*tau),unilateral,none,row declares RB MAJOR-2 unilateral and code-class,post-5.1
T3A,T3A-B1,B,the arc-envelope minting path unpinned on real bodies,severity_split,MINOR,"row: RA MINOR-2 = RB MAJOR-1, both by planting invisible mutants",post-5.1
TBOX,TBOX-B1,B,"the lone-circle-loop face: 1591/1681 material points outside the box, tier-1/2 validate and the mint accept it while the Decide lane refuses it",unilateral,none,row declares RB s MAJOR unilateral and code-class; RA 0 MAJ,post-5.1
T1,T1-A1,A,"an out-of-domain u certifies (12/12 executed), with the IsoUnsupported doc invalidated in place",severity_split,MINOR,row: RB found the SAME out-of-domain u at MINOR; converged on every substantive finding at differing severities,post-5.1
WB-1,WB-1-X1,A,the principal winding/bulge finding,bilateral,MAJOR,"row: same principal found independently by both arms, BILATERAL, dedup single, no tally candidate; recorded once",post-5.1
H4,H4-B2,B,the plane-sphere setback sign survived its mutant across all 1030 rows and feeds predicate 2 s consumption screen,unilateral,none,"row: RA never mentioned it; class test-gap on moved code, dedup single, orchestrator-verified at adjudication",post-5.1
H4,H4-B1,B,second RB MAJOR not identified,unclear,unclear,"RB MERGEABLE-AFTER-FIXES 2/4/6 implies a second MAJOR; the row s correspondence list marks its named unique finds (the four live hedge sentences, the fourth quadrant unbuilt, the k-lint causal story) without assigning severities",post-5.1
DOCM-4,DOCM-4-A1,A,the tree.rs edit inside DOCM-3 s fence is undisclosed in the PR,unilateral,none,"RB does not raise it; the orchestrator adjudicated it DOWN to MINOR, but RA raised it at MAJOR and (a) asks what the reviewer raised",post-5.1
DOCM-4,DOCM-4-A2,A,placement/product Python pages contradict A4,severity_split,MINOR,row: the Python contradictions are convergent/bilateral; RB carried them at MINOR,post-5.1
DOCM-4,DOCM-4-A3,A,"A4 s ""every door"" universal false against six doors",severity_split,MINOR,row: the A4 over-claim is convergent/bilateral; RB has no MAJOR,post-5.1
DOCM-3,DOCM-3-B1,B,"the fold s refusal menu names uncollapsed fold rows, and a union of touching members has no declaration channel and dead-ends",severity_split,MINOR,row: RA raised the same refusal defect at MINOR; adjudicated 1 MAJ bilateral,post-5.1
DOCM-1,DOCM-1-A1,A,on Sym<Interval> a derived-frame extrude refuses at every width while the AUTHORED-frame twin certifies through the same door,unilateral,none,"row: adjudicated a UNILATERAL MAJ, code class, red probe; RB never touches the symbolic lane asymmetry",post-5.1
DOCM-1,DOCM-1-B1,B,A3 cannot see the handedness it names (n -> pose.axis mutant survives; a sense=true fixture and a zero spin everywhere),unilateral,none,"row: adjudicated a UNILATERAL MAJ, test-gap class, surviving mutant; RA never raises A3 s blindness",post-5.1
DOCM-1,DOCM-1-B2,B,"the amendment s item-3 key-guard row cannot fail (feed disabled, 19/19 green)",severity_split,MINOR,"row: the feed s redundancy is RA MINOR / RB MAJOR, bilateral, one defect",post-5.1
DOCM-2,DOCM-2-X1,A,"NameTable::project refuses a tie straddling the two halves as an emission bug, and a pass-through tie carried into a split does exactly that",bilateral,MAJOR,"row: 1 bilateral MAJOR, one defect, both by execution; recorded once",post-5.1
DOCM-7,DOCM-7-B1,B,"the chained-order gap: of three blocks in a row, two orders fuse and two refuse Vanished with an edit diagnosis, against the routing doc, the node doc and role.rs",unilateral,none,row: adjudicated a UNILATERAL MAJOR; RA never raises the chain order,post-5.1
DOCM-7,DOCM-7-A1,A,the content-key member-count feed s named guard row does not go red without the feed (mutant survives the full suite),severity_split,MINOR,"the row calls this a UNILATERAL MAJOR while in the same clause recording that RB RATED IT MINOR, and RB s own MINOR list carries ""the key-feed claim false (mutant survives)"". A finding the counterpart rated MINOR is a severity split, not a unilateral - coded against the row s verdict",post-5.1
DOCM-6,DOCM-6-B1,B,"the widened Uncertified predicate moves the outermost gate s verdict (AtRest[Unattributed] on the base, Uncertified[Carried{Declined}] on the head) with no row",severity_split,MINOR,"the row adjudicates this a UNILATERAL MAJOR while stating in the same clause that RA RATED IT MINOR, and RA s MINOR list carries ""the same Uncertified verdict move (rated MINOR)"". A counterpart rating is a mention - coded against the row s verdict",post-5.1
DOCM-8,DOCM-8-B1,B,three rewritten prose sites assert order-independence a declared member face SPLIT by a later member falsifies (2 of 6 and 8 of 24 orders refuse Vanished),severity_split,MINOR,same shape: the row calls it unilateral while recording that RA rated it MINOR,post-5.1
DOCM-8,DOCM-8-A1,A,"N3 s offer is lost for a face an outer merge consumed (merge_offers reads constituents.contains; base offered the outer row, head offered nothing)",unilateral,none,row: RB did not find it,post-5.1
RIM,RIM-A2,A,"the NotOneRim ""closes leaving matched arcs unused"" guard has NO row (ordered.len() == matched.len() dropped: 2180/2180 green)",unilateral,none,"row: RB never mentioned it; test-gap on the unit s own code, dedup single",post-5.1
RIM,RIM-A1,A,the interval row cannot falsify its subject - the hi() conjunct dropped leaves 2310/2310 green because waisted_at::<Interval> carriers are point enclosures at width 0e0,unilateral,none,"row: unilateral, flagged for the blinded adjudication on whether a point-enclosure fixture is a defect of the unit s own tests",post-5.1
H5,H5-B1,B,"the rewritten assembly recourse and README A3-2 promise the closed-rim carve unconditionally, while the boss s merged top rim refuses UnsupportedChain under that very sentence",severity_split,MINOR,"row: the ringed host is BILATERAL, RB MAJOR == RA MINOR-5, same site; RB sharpened it to the false recourse",post-5.1
ATTR,ATTR-B1,B,"the Display header ""n derived corners"" counts ENTRIES - false on 76.5% of grid-A refusals",severity_split,MINOR,"row: the header is bilateral, RB MAJOR == RA MINOR-2, adjudicated MAJOR",post-5.1
H6,H6-X1,A,"C1 false at an admitted K: the Smooth arm is reached through the public door, returns Ok, and validate_geometric refuses with four SliverDihedral",bilateral,MAJOR,"row: the K-conditional MAJOR is BILATERAL, both executed (RA at K=1.1, RB by classifier row at K=1.2); recorded once",post-5.1
H6,H6-B2,B,sweep/lib.rs:83-86 and :74-76 still state BOTH falsified sentences inside the swept set,unilateral,none,row: RB s doc-class MAJOR is unilateral but 3b-excluded,post-5.1
H6,H6-B3,B,the one-home claim omits geom-brep/src/certify.rs:1685-1689 in the helper s own crate,severity_split,MINOR,row: RB MAJOR == RA MINOR-4,post-5.1
H7,H7-B1,B,the lever corner_at hands cap_transverse is NOT red-capable - arm_len -> T::one() survives all 1101 rows,unilateral,none,"row: unilateral, test-gap on the unit s own new decision, dedup single; RA never raises the lever",post-5.1
H7,H7-B2,B,"the governing docs name blend/ruled.rs, which does not exist",severity_split,MINOR,"row: bilateral with RA F1, doc class",post-5.1
T,T-B1,B,"the door refused the running PHASE s hand-built anchor list, not ""a source face"": a snapshot source face outside the list passed and kef KILLED it on 4 rows",severity_split,MINOR,"row: the door s claim vs enforcement is BILATERAL - RB executed, RA read it as a MINOR; adjudicated MAJOR",post-5.1
SPLIT,SPLIT-B1,B,"docs/KERNEL-VERBS.md:58, a live register, still names ""the ruled-band section of surgery.rs"" - the SECOND staling of one sentence",severity_split,MINOR,"row: BILATERAL, RB MAJOR == RA MINOR-1 s first instance; adjudicated doc-class MAJOR, 3b-excluded",post-5.1
TEAPOT(LIB),TEAPOT-LIB-A1,A,the spout s placement residual is an arithmetic identity that never reads the placed body,severity_split,MINOR,"row: severity labels SWAPPED on both headlines; RA MAJOR / RB MINOR, both then measured the placement off the body at exactly 0.0",post-5.1
TEAPOT(LIB),TEAPOT-LIB-B1,B,the Python lid row cannot tell which rims rolled,severity_split,MINOR,row: RB MAJOR / RA MINOR; both ran the vertex-3-for-4 mutant green,post-5.1
PERF-2,PERF-2-A1,A,the stamped-order invariant the repo-wide lint exception rests on has no mechanical guard (no test touches stamp/seal_order; seal_order unreachable from tests),severity_split,MINOR,"row: both found the unenforced invariant, severity divergence - explicitly not a tally candidate",post-5.1
PERF-4,PERF-4-X1,A,the tier-1 postcondition walk misses guardless doors - RA: 15 free-fn sites invisible; RB: enter_surgery is pub on &self,bilateral,MAJOR,row: both arms found the unguarded-door class from two ends; recorded once,post-5.1
PERF-5,PERF-5-A1,A,level 1 is keyed by content key alone while the eval memo requires content + naming key; the served id map rests on FaceKey stability,unilateral,none,"RB argued level 1 sound because names resolve at pick time - it engaged the surface and endorsed it, never raising the defect",post-5.1
PERF-5,PERF-5-A2,A,chord positions in the key cannot be falsified at the body level,severity_split,MINOR,row: BOTH arms found chord positions and parameters unfalsifiable at the body level; adjudicated down to MINOR,post-5.1
PERF-6,PERF-6-A1,A,"plus_v_invariant maps Undecided to no error and nothing reads target_refusal(), so a body whose sign is undecided PASSES tier 3 where main refused",unilateral,none,row: each MAJOR unilateral; RB argued the sign decision sound on the PASS/REFUSE exits and did not examine the undecided exit,post-5.1
PERF-6,PERF-6-B1,B,"the digest s roster names a closed-form body as its cylinder-lane row, so the lane whose budget exit moved has no bit pin and three of five rows are eps-invariant",unilateral,none,row: each MAJOR unilateral; RA did not examine the roster s lane coverage,post-5.1
