CF-GAP	bracket	9.418684e-3	1
CF-BODY	bracket	bracket	none
CF-GAP	spacer	8.85e-6	1
CF-BODY	spacer	spacer	none
CF-GAP	plate	6.247e-6	1
CF-BODY	plate	plate	none
CF-GAP	vase	4.573e-6	1
CF-BODY	vase	vase	none
CF-GAP	sheave	4.567e-6	1
CF-BODY	sheave	sheave	none
CF-GAP	chute	8.596e-6	1
CF-BODY	chute	chute	none
CF-GAP	rocker	1.0318779e-2	1
CF-BODY	rocker	rocker	none
CF-GAP	diefillet	2.33186493e-1	1
CF-BODY	diefillet	diefillet	none
CF-GAP	diepips	1.3409e-5	1
CF-BODY	diepips	diepips	none
CF-GAP	diecomposed	2.4132e-5	1
CF-BODY	diecomposed	diecomposed	none
CF-GAP	diechamferblank	6.6699853e-2	1
CF-BODY	diechamferblank	diechamferblank	none
CF-GAP	diechamfer	6.042e-6	1
CF-BODY	diechamfer	diechamfer	none
CF-GAP	lily	8.756187e-3	15
CF-BODY	lily	lily_corm	none
CF-BODY	lily	lily_foot	none
CF-BODY	lily	lily_stem	none
CF-BODY	lily	lily_arch	none
CF-BODY	lily	lily_pedicel	none
CF-BODY	lily	lily_lantern	none
CF-BODY	lily	lily_leaf_a	none
CF-BODY	lily	lily_leaf_b	none
CF-BODY	lily	lily_leaf_c	none
CF-BODY	lily	lily_bud_a	none
CF-BODY	lily	lily_bud_b	none
CF-BODY	lily	lily_bud_c	none
CF-BODY	lily	lily_sepal_a	none
CF-BODY	lily	lily_sepal_b	none
CF-BODY	lily	lily_sepal_c	none
CF-GAP	budfillet	4.351361476e0	1
CF-BODY	budfillet	budfillet	none
CF-GAP	klein	3.646581919e1	2
CF-BODY	klein	klein_bulb	none
CF-BODY	klein	klein_loop	none
CF-GAP	tiltedcut	2.82827157e0	2
CF-BODY	tiltedcut	tiltedcut_above	none
CF-BODY	tiltedcut	tiltedcut_below	none
CF-GAP	bossplate	1.820507e-3	1
CF-BODY	bossplate	bossplate	none
CF-GAP	snowman	3.12701e-3	4
CF-BODY	snowman	snowman_rolled	none
CF-BODY	snowman	snowman_union	none
CF-BODY	snowman	snowman_bitten	none
CF-BODY	snowman	snowman_lens	none
CF-GAP	lofts	1.9234670440000001e0	3
CF-BODY	lofts	loft_prism	none
CF-BODY	lofts	nonuniform_loft	none
CF-BODY	lofts	twisted_loft	none
CF-GAP	s_duct	2.5823e-5	1
CF-BODY	s_duct	s_duct	none
CF-GAP	twisted_tube	8.248e-6	1
CF-BODY	twisted_tube	twisted_tube	none
CF-GAP	twisted_duct	1.0759e-5	1
CF-BODY	twisted_duct	twisted_duct	none
CF-GAP	twisted_duct_shadow_z	7.347e-6	1
CF-BODY	twisted_duct_shadow_z	twisted_duct_shadow_z	none
CF-GAP	twisted_duct_shadow_y	8.799e-6	1
CF-BODY	twisted_duct_shadow_y	twisted_duct_shadow_y	none
CF-GAP	tube_along_arc	2.09265e-4	1
CF-BODY	tube_along_arc	tube_along_arc	none
CF-GAP	hollowring	1.201453e-3	1
CF-BODY	hollowring	hollowring	none
CF-GAP	hollowelbow	3.723004e-3	1
CF-BODY	hollowelbow	hollowelbow	none
CF-GAP	hollowtorus	5.303e-6	1
CF-BODY	hollowtorus	hollowtorus	none
CF-GAP	teapot	2.7288085714e1	4
CF-BODY	teapot	teapotvessel	none
CF-BODY	teapot	teapotlid	none
CF-BODY	teapot	teapotspout	none
CF-BODY	teapot	teapothandle	none
CF-GAP	torusvessel	2.4426765e-2	1
CF-BODY	torusvessel	torusvessel	none
CF-GAP	torusvesselcup	6.62e-6	1
CF-BODY	torusvesselcup	torusvesselcup	none
CF-GAP	fivewall	9.939952e-3	2
CF-BODY	fivewall	fivewall	none
CF-BODY	fivewall	fivewallcup	none
CF-GAP	die	5.1571736e-2	1
CF-BODY	die	die	empty
CF-GAP	table	1.3807e-5	1
CF-BODY	table	table	empty
CF-GAP	silhouette	6.3898521e-2	1
CF-BODY	silhouette	silhouette	empty
CF-GAP	silhouette3	6.11e-6	1
CF-BODY	silhouette3	silhouette3	empty
CF-GAP	silhouette3_shadow_z	6.552e-6	1
CF-BODY	silhouette3_shadow_z	silhouette3_shadow_z	empty
CF-GAP	silhouette3_shadow_x	6.398e-6	1
CF-BODY	silhouette3_shadow_x	silhouette3_shadow_x	empty
CF-GAP	silhouette3_shadow_y	7.169e-6	1
CF-BODY	silhouette3_shadow_y	silhouette3_shadow_y	empty
CF-GAP	az	2.6369574e-2	1
CF-BODY	az	az	empty
CF-GAP	crosslap	5.088673e-3	1
CF-BODY	crosslap	crosslap_glued	empty
CF-GAP	crosslap_exploded	5.033e-6	2
CF-BODY	crosslap_exploded	crosslap_exp_a	empty
CF-BODY	crosslap_exploded	crosslap_exp_b	none
CF-GAP	twopeg	1.4261929e-2	3
CF-BODY	twopeg	twopeg_mated	empty
CF-BODY	twopeg	twopeg_apart_p	none
CF-BODY	twopeg	twopeg_apart_q	none
CF-GAP	projectbox	9.8775748e-2	3
CF-BODY	projectbox	projectbox	empty
CF-BODY	projectbox	cutaway_above	none
CF-BODY	projectbox	cutaway_below	none
CF-GAP	impeller6	8.2125472e-2	1
CF-BODY	impeller6	impeller6	none
CF-GAP	impeller8	1.8689e-5	1
CF-BODY	impeller8	impeller8	none
CF-GAP	impeller12	1.9122e-5	1
CF-BODY	impeller12	impeller12	none
CF-GAP	heatsink5	6.5170454e-2	1
CF-BODY	heatsink5	heatsink5	empty
CF-GAP	heatsink7	2.5573e-5	1
CF-BODY	heatsink7	heatsink7	empty
CF-GAP	heatsink9	2.0631e-5	1
CF-BODY	heatsink9	heatsink9	empty
CF-GAP	bench	2.44338512e-1	2
CF-BODY	bench	bench	vv0+ab0+ba0+cu0+pa3
CF-BODY	bench	benchlayout	empty
CF-GAP	bench60	1.6121e-5	1
CF-BODY	bench60	bench60	vv0+ab0+ba0+cu0+pa3
CF-GAP	bench90	1.1111e-5	1
CF-BODY	bench90	bench90	vv0+ab0+ba0+cu0+pa3
