CF-GAP	bracket	1.0685359e-2	1
CF-GAP	spacer	1.1043e-5	1
CF-GAP	plate	7.205e-6	1
CF-GAP	vase	5.093e-6	1
CF-GAP	sheave	6.49e-6	1
CF-GAP	chute	6.124e-6	1
CF-GAP	rocker	1.885561e-3	1
CF-GAP	diefillet	1.86214072e-1	1
CF-GAP	diepips	1.6479e-5	1
CF-GAP	diecomposed	2.2238e-5	1
CF-GAP	diechamferblank	5.629343e-2	1
CF-GAP	diechamfer	8.245e-6	1
CF-GAP	lily	4.992187e-3	15
CF-GAP	budfillet	4.206148424e0	1
CF-GAP	klein	3.251851478e0	2
CF-GAP	tiltedcut	1.521997889e0	2
CF-GAP	bossplate	2.061987e-3	1
CF-GAP	snowman	4.517976e-3	4
CF-GAP	lofts	3.51375483e-1	3
CF-GAP	s_duct	2.1753e-5	1
CF-GAP	twisted_tube	8.565e-6	1
CF-GAP	twisted_duct	1.2452e-5	1
CF-GAP	twisted_duct_shadow_z	5.748e-6	1
CF-GAP	twisted_duct_shadow_y	7.051e-6	1
CF-GAP	tube_along_arc	1.82137e-4	1
CF-GAP	hollowring	1.239966e-3	1
CF-GAP	hollowelbow	3.073057e-3	1
CF-GAP	hollowtorus	5.197e-6	1
CF-GAP	teapot	9.934063476e0	4
CF-GAP	torusvessel	8.480565e-3	1
CF-GAP	torusvesselcup	5.691e-6	1
CF-GAP	fivewall	3.367268e-3	2
CF-GAP	die	4.7334601e-2	1
CF-GAP	table	1.2191e-5	1
CF-GAP	silhouette	5.8848582e-2	1
CF-GAP	silhouette3	5.387e-6	1
CF-GAP	silhouette3_shadow_z	6.394e-6	1
CF-GAP	silhouette3_shadow_x	5.714e-6	1
CF-GAP	silhouette3_shadow_y	6.826e-6	1
CF-GAP	az	3.2060111e-2	1
CF-GAP	crosslap	5.542572e-3	1
CF-GAP	crosslap_exploded	5.05e-6	2
CF-GAP	twopeg	1.3504759e-2	3
CF-GAP	projectbox	4.5031614e-2	3
CF-GAP	impeller6	7.0447657e-2	1
CF-GAP	impeller8	1.915e-5	1
CF-GAP	impeller12	1.8448e-5	1
CF-GAP	heatsink5	7.5936888e-2	1
CF-GAP	heatsink7	2.3327e-5	1
CF-GAP	heatsink9	5.8387e-5	1
CF-GAP	bench	9.1791049e-2	2
CF-GAP	bench60	1.3966e-5	1
CF-GAP	bench90	9.354e-6	1
